Название продукта;Ккал;Белки;Жиры ;Углеводы;Витамин B1 ;Витамин B2;Витамин B3 ;Витамин B6;Витамин B7 ;Витамин B12 ;Витамин A;Витамин C;Витамин D;Витамин E;Витамин K;Кальций;Фосфор;Магний;Железо ;Йод;Калий;Натрий;Цинк;Селен;Медь;Марганец;Хром;Фтор;Омега-3;Омега-6;Пробиотики;Клетчатка;Цена;Содержание воды (мг/100г)
Абрикосы;48;1400;400;11000;0.03;0.04;0.60;0.05;0.0009;0;0.096;10;0;0.90;0.0033;13;23;10;0.4;0.001;259;1;0.2;0.0001;0.08;0.08;0.0005;0.004;3;80;0;2000;8;85.2
Авокадо;160;2000;15000;9000;0.07;0.13;   .70;0.26;0.010;0;0.007;10;0;02.   ;0.021;12;52;29;0.6;0.002;485;7;0.6;0.0004;0.19;0.14;0.0002;0.0006;110;1670;0;6700;25;67.3
Айва;57;400;100;15000;0.02;0.03;0.20;0.04;0;0;0.002;15;0;0.50;0;11;17;8;0.7;0;197;4;0.1;0.0001;0.04;0.03;0;0;20;40;0;1900;10;83.5
Ананас;50;500;100;13000;0.08;0.03;0.50;0.11;0;0;0.003;47;0;0.02;0.0007;13;8;12;0.3;0.0003;109;1;0.1;0.0001;0.11;0.93;0;0.002;10;20;0;1400;12;86
Апельсин;47;900;100;12000;0.09;0.04;0.40;0.06;0.001;0;0.011;53;0;0.20;0;40;14;10;0.1;0.002;181;0;0.1;0.0005;0.05;0.03;0.0001;0.002;10;30;0;2400;6;87
Арбуз;30;600;200;8000;0.03;0.02;0.20;0.05;0;0;0.028;8;0;0.05;0.0001;7;11;10;0.2;0.0003;112;1;0.1;0.0004;0.04;0.04;0;0.001;4;50;0;400;4;92
Бананы;89;1100;300;23000;0.03;0.07;0.70;0.37;0.003;0;0.003;8;0;0.10;0.0005;5;22;27;0.3;0.0003;358;1;0.2;0.0010;0.08;0.27;0.0001;0.002;30;50;0;2600;6;74
Брусника;46;700;500;8000;0.02;0.03;0.20;0.06;0;0;0.007;15;0;1.00;0.0051;14;11;6;0.4;0;77;2;0.2;0.0001;0.07;0.34;0;0;20;90;0;2500;18;86
Виноград;69;700;200;18000;0.07;0.07;0.30;0.09;0.0015;0;0.003;3;0;0.20;0.014;10;20;7;0.4;0.001;191;2;0.1;0.0001;0.13;0.07;0.0001;0.007;10;30;0;900;12;81
Вишня;63;1000;200;16000;0.03;0.04;0.40;0.05;0.0004;0;0.003;7;0;0.10;0.0021;13;21;9;0.4;0.002;173;0;0.1;0.0001;0.06;0.07;0;0.002;10;50;0;2100;18;82
Черника;57;700;300;14000;0.04;0.04;0.42;0.05;0.0005;0;0.003;09.   ;0;0.57;0.019;6;12;6;0.3;0.0001;77;1;0.16;0.0002;0.06;0.34;0.0001;0.001;58;88;0;2400;18;84
Гранат;83;1700;1200;19000;0.07;0.05;0.29;0.08;0.0006;0;0.003;10.   ;0;0.60;0.016;10;36;12;0.3;0.0003;236;3;0.35;0.0005;0.16;0.12;0.0001;0.001;45;120;0;4000;12;77
Грейпфрут;42;800;100;11000;0.04;0.02;0.28;0.04;0.0003;0;0.058;31.2;0;0.13;0;22;18;9;0.1;0.0002;135;0;0.08;0.0003;0.05;0.02;0;0.002;8;15;0;1600;6;88
Груша;57;400;100;15000;0.01;0.03;0.16;0.03;0;0;0.001;04.   ;0;0.12;0.004;9;12;7;0.2;0;116;1;0.10;0.0001;0.08;0.05;0;0.001;10;25;0;3200;8;84
Ежевика;43;1400;500;9800;0.02;0.05;0.65;0.03;0.0004;0;0.011;21;0;   .17;0.019;29;22;20;0.6;0.0001;162;1;0.53;0.0002;0.17;0.65;0.0001;0.001;90;180;0;5300;25;85
Инжир;74;800;300;19000;0.06;0.05;0.40;0.11;0.0007;0;0.007;2;0;0.11;0.004;35;14;17;0.4;0.0004;232;1;0.15;0.0002;0.07;0.13;0;0.002;30;110;0;2800;18;78
Киви;61;1100;400;15000;0.03;0.05;0.34;0.06;0.001;0;0.004;92.7;0;01.   ;0.04;34;34;17;0.3;0.0003;312;3;0.14;0.0002;0.13;0.10;0.0001;0.001;42;240;0;3000;10;83
Клубника;32;700;300;7700;0.02;0.02;0.39;0.05;0.0004;0;0.001;58.8;0;0.29;0.002;16;24;13;0.4;0.0001;153;1;0.14;0.0004;0.05;0.39;0.0001;0.001;65;90;0;2000;18;90
Клюква;46;400;100;12000;0.01;0.02;0.10;0.06;0.0001;0;0.001;13.   ;0;01.   ;0.005;8;11;6;0.2;0;85;2;0.10;0.0001;0.06;0.36;0;0.001;22;33;0;4600;18;87
Крыжовник;44;800;200;10000;0.02;0.03;0.30;0.08;0.0005;0;0.015;27.   ;0;0.37;0.007;25;27;10;0.3;0.0001;198;1;0.12;0.0001;0.07;0.14;0.0001;0.001;18;54;0;4400;12;86
Курага;241;3400;500;63000;0.10;0.20;   .60;0.14;0.001;0;0.360;1.0;0;   .33;0.031;55;71;32;02.   ;0.0002;1162;10;0.39;0.0003;0.34;0.24;0.0003;0.004;5;120;0;7300;20;23
Лимон;29;1000;200;9000;0.04;0.02;0.10;0.08;0.0005;0;0.001;53.0;0;0.15;0;26;16;8;0.6;0.0001;138;2;0.06;0.0001;0.04;0.03;0;0.001;2;6;0;2800;7;89
Мандарин;53;800;300;13000;0.06;0.04;0.38;0.08;0.0003;0;0.034;26.   ;0;0.20;0;37;20;12;0.2;0.0002;166;2;0.07;0.0001;0.04;0.04;0;0.001;5;15;0;1800;9;87
Малина;52;1200;700;12000;0.03;0.04;0.60;0.06;0.0004;0;0.002;26.   ;0;0.87;0.008;25;29;22;0.7;0.0001;151;1;0.42;0.0002;0.09;0.67;0.0001;0.001;30;90;0;6500;50;85
Морошка;51;900;800;8000;0.05;0.07;0.50;0.07;0;0;0.015;158.0;0;   .50;0.007;18;35;15;0.9;0;170;1;0.30;0.0002;0.12;0.60;0;0.002;25;80;0;3800;150;83
Облепиха;82;1200;500;10000;0.03;0.05;0.45;0.11;0.001;0;0.250;695.0;0;5.00;0.020;42;28;30;01.   ;0.0003;193;4;0.10;0.0001;0.08;0.10;0.0001;0.002;35;110;0;2300;30;72
Персики;39;900;250;10000;0.02;0.03;0.80;0.03;0.0002;0;0.016;06.   ;0;0.73;0.002;6;20;9;0.3;0.0001;190;0;0.17;0.0001;0.07;0.06;0;0.001;4;12;0;1500;15;88
Слива;46;700;280;11000;0.03;0.03;0.42;0.03;0.0004;0;0.017;09.   ;0;0.26;0.006;6;16;7;0.2;0.0002;157;0;0.10;0.0001;0.06;0.05;0;0.001;5;8;0;1400;10;85
Смородина черная;63;1400;400;15000;0.05;0.05;0.30;0.07;0.0003;0;0.012;181.0;0;1.00;0.011;55;59;24;01.   ;0.0001;322;2;0.27;0.0001;0.09;0.25;0.0001;0.002;45;110;0;4300;40;82
Смородина красная;56;1200;200;14000;0.03;0.05;0.25;0.07;0.0002;0;0.011;41.0;0;0.50;0.011;33;44;13;1.0;0.0001;275;1;0.23;0.0001;0.07;0.12;0.0001;0.001;35;90;0;4000;35;83
Смородина белая;56;1200;200;14000;0.03;0.04;0.20;0.06;0.0002;0;0.008;40.0;0;0.50;0.010;33;44;13;1.0;0.0001;275;1;0.23;0.0001;0.07;0.12;0.0001;0.001;35;90;0;4000;45;83
Финики;282;2500;400;75000;0.05;0.06;   .60;0.25;0.001;0;0.007;0.4;0;0.05;0.003;39;62;43;1.0;0.0003;656;2;0.29;0.0003;0.21;0.26;0.0001;0.002;3;10;0;6800;25;21
Хурма;127;600;400;33000;0.03;0.02;0.10;0.10;0.0007;0;0.081;07.   ;0;0.73;0.002;8;17;9;0.2;0.0002;161;1;0.11;0.0002;0.11;0.35;0;0.001;8;18;0;3600;18;64
Черешня;63;1100;200;16000;0.03;0.04;0.40;0.05;0.0004;0;0.003;7;0;0.10;0.002;13;21;9;0.4;0.0002;173;0;0.1;0.0001;0.06;0.07;0;0.002;10;50;0;2100;35;82
Шиповник сухой;284;3300;500;68000;0.16;0.13;   .30;0.08;0;0;0.434;426.0;0;   .84;0.025;169;61;69;03.   ;0.0005;429;4;0.25;0.0001;0.11;01.   ;0.0001;0.003;120;230;0;10600;15;14
Яблоки;52;300;200;14000;0.02;0.03;0.17;0.04;0.0003;0;0.003;04.   ;0;0.18;0.002;6;11;5;0.1;0.0001;107;1;0.04;0.0001;0.03;0.04;0;0.001;3;9;0;2400;5;85
Базилик;23;3100;600;2600;0.03;0.08;0.90;0.16;0.0004;0;0.264;18.0;0;0.80;0.414;177;56;64;03.   ;0.0002;295;4;0.81;0.0002;0.39;   .15;0.0001;0.001;25;70;0;1600;60;92
Баклажаны;25;1000;200;6000;0.04;0.04;0.60;0.08;0.0005;0;0.001;02.   ;0;0.30;0.003;9;24;14;0.2;0.0001;229;2;0.16;0.0001;0.08;0.23;0.0001;0.001;5;16;0;3000;8;92
Горошек зеленый;81;5400;400;14000;0.27;0.13;02.   ;0.17;0.0005;0;0.035;40.0;0;0.13;0.025;25;108;33;01.   ;0.0002;244;5;   .24;0.0002;0.18;0.41;0.0001;0.002;35;152;0;5100;25;78
Кабачки;17;1200;300;3400;0.05;0.09;0.45;0.16;0.0004;0;0.004;17.   ;0;0.12;0.003;16;38;18;0.4;0.0001;261;8;0.32;0.0001;0.05;0.18;0.0001;0.001;3;5;0;1000;6;94
Капуста белокочанная;25;1800;200;5900;0.06;0.04;0.23;0.12;0.0002;0;0.005;36.6;0;0.15;0.076;40;26;12;0.5;0.0002;170;18;0.18;0.0002;0.02;0.16;0.0001;0.001;12;15;0;2500;4;92
Капуста цветная;25;2000;300;5000;0.05;0.06;0.51;0.18;0.001;0;0.001;48.2;0;0.08;0.016;22;44;15;0.4;0.0002;299;30;0.28;0.0002;0.04;0.16;0.0001;0.001;9;12;0;2000;15;92
Капуста брокколи;34;2800;400;6800;0.07;0.12;0.64;0.18;0.001;0;0.031;89.2;0;0.78;0.102;47;66;21;0.7;0.0002;316;33;0.41;0.0002;0.05;0.21;0.0001;0.002;21;33;0;2700;20;89
Картофель;77;2000;100;17000;0.08;0.03;01.   ;0.30;0.0005;0;0.001;19.   ;0;0.01;0.002;12;57;23;0.8;0.0002;425;6;0.29;0.0002;0.11;0.15;0.0001;0.002;3;5;0;2100;3;79
Лук зеленый перьевой;32;1900;200;7200;0.05;0.09;0.40;0.15;0.0004;0;0.050;18.   ;0;0.55;0.207;72;37;20;01.   ;0.0002;276;16;0.39;0.0001;0.08;0.15;0.0001;0.001;7;10;0;2100;20;89
Лук репчатый;40;1100;100;9000;0.05;0.03;0.12;0.12;0.0004;0;0.001;07.   ;0;0.02;0.0004;23;29;10;0.2;0.0002;146;4;0.17;0.0001;0.04;0.13;0.0001;0.001;2;4;0;1600;5;89
Морковь;41;900;200;10000;0.07;0.06;0.98;0.14;0.0006;0;0.835;05.   ;0;0.66;0.013;33;35;12;0.3;0.0002;320;69;0.24;0.0001;0.05;0.14;0.0001;0.003;2;12;0;2800;4;88
Огурец;15;700;100;3600;0.03;0.03;0.10;0.04;0.0005;0;0.005;02.   ;0;0.03;0.016;16;24;13;0.3;0.0001;147;2;0.20;0.0001;0.04;0.08;0.0001;0.001;1;3;0;500;10;95
Перец болгарский;27;990;200;5100;0.06;0.04;0.48;0.22;0;0;0.035;127.7;0;0.37;0.007;8;28;10;0.4;0.001;163;2;0.12;0.0003;0.05;0.11;0.0001;0.002;2;12;0;1900;20;92
Петрушка;47;3700;900;7900;0.09;0.12;   .30;0.09;0;0;0.950;133.0;0;0.75;1.640;138;58;50;06.   ;0.003;554;56;01.   ;0.0001;0.15;0.16;0.0002;0.005;10;115;0;3400;40;87
Редис;19;1200;200;3400;0.01;0.04;0.25;0.07;0;0;0.001;14.   ;0;0.01;0.001;25;20;10;01.   ;0.001;255;39;0.28;0.0008;0.05;0.07;0;0.001;0.2;0.5;0;1700;20;95
Редька зелёная;32;1900;200;6400;0.03;0.03;0.40;0.07;0;0;0.010;29.0;0;0.04;0.003;35;32;22;01.   ;0.001;357;42;0.27;0.0007;0.06;0.09;0;0.001;0.5;01.   ;0;1900;10;93
Репа;30;1500;100;6700;0.04;0.03;0.40;0.09;0;0;0.003;21.0;0;0.03;0.001;49;34;17;0.9;0.001;238;67;0.24;0.0006;0.08;0.11;0;0.001;0.3;0.8;0;1800;8;92
Салат листовой;12;1300;300;2200;0.07;0.08;0.38;0.05;0;0;0.370;18.0;0;0.22;0.173;36;29;13;0.9;0.001;194;28;0.20;0.0004;0.03;0.18;0;0.001;0.1;0.3;0;1200;30;95
Шпинат;22;2900;400;3600;0.08;0.19;0.72;0.20;0;0;0.469;28.   ;0;02.   ;0.482;106;49;79;03.   ;0.002;558;79;0.53;0.0011;0.13;0.90;0.0001;0.003;14;26;0;2200;50;91
Свекла;43;1600;170;9560;0.03;0.04;0.40;0.07;0;0;0.002;04.   ;0;0.05;0.005;16;40;23;0.8;0.002;325;78;0.35;0.0007;0.08;0.33;0;0.02;0.2;0.1;0;2800;4;87
Томаты;24;1100;200;3800;0.06;0.04;0.50;0.10;0.001;0;0.133;25;0;0.70;0.008;14;26;11;0.9;0.002;290;3;0.20;0.0004;0.11;0.14;0.01;0.02;0.003;0.08;0;1400;20;94
Тыква;22;1000;100;4400;0.05;0.06;0.50;0.13;0.0004;0;0.250;8;0;0.40;0.001;25;25;12;0.4;0.001;204;4;0.24;0.0003;0.18;0.04;0;0.086;0.12;0.04;0;2000;6;91
Чеснок;149;6500;500;29900;0.08;0.08;0.70;0.60;0;0;0;10;0;0.30;0.002;181;100;30;01.   ;0.009;260;17;01.   ;0.014;0.13;0.81;0.04;0.008;0.02;0.229;0;1500;20;58
Грибы белые;34;3700;1700;1100;0.04;0.30;   .50;0.07;0;0.04;0;30;0.0002;0.90;0;13;89;15;0.5;0.0025;468;6;0.33;0.009;0.32;0.23;0.06;0.06;0.06;0.79;0;3200;90;90
Горох цельный;298;20500;2000;49500;0.81;0.15;   .20;0.27;0.019;0;0.002;40;0;0.70;0;115;329;107;06.   ;0.0051;873;33;   .18;0.013;0.75;   .75;0.009;0.03;0.12;0.91;0;11200;10;11
Фасоль;298;21000;2000;47000;0.50;0.18;02.   ;0.90;0.0005;0;0;04.   ;0;0.60;0.006;150;480;103;05.   ;0.012;1100;40;   .21;0.025;0.58;   .34;0.01;0.044;0.21;0.178;0;12400;15;12
Яйцо куриное;157;12700;11500;700;0.07;0.44;   .60;0.14;0.0202;0.0005;0.260;0;0.0022;0.60;0.0003;55;192;12;02.   ;0.02;140;134;01.   ;0.0307;0.08;0.029;0.004;0.055;0.101;1.784;0;0;10;75
Горбуша;142;20600;6000;0;0.08;0.11;   .50;0.60;0;0.003;0.030;0.9;0.005;0.50;0.001;20;200;30;0.7;0.02;366;75;0.70;0.035;0.05;0.02;0;0.02;1000;200;0;0;40;70
Чечевица;295;24000;1500;46300;0.50;0.21;   .80;0.54;0.0003;0;0.005;04.   ;0;0.50;0.005;83;390;80;11.   ;0.0035;672;55;   .42;0.0196;0.66;   .19;0.011;0.025;0.109;0.404;0;11500;10;10
Морская капуста;43;900;500;3000;0.05;0.15;0.47;0.02;0;0;0.1;2;0;0.87;0.066;168;42;121;02.   ;0.3;970;520;   .23;0.0007;0.13;0.2;0;0;80;250;0;6500;10;81
Яйцо перепелиное;158;13200;11400;400;0.13;0.79;0.15;0.15;0.002;0.0016;0.156;0;0.0014;01.   ;0.0003;64;226;13;   .65;0.013;132;141;   .47;0.032;0.06;0.03;0.003;0.06;0.44;   .65;0;0;20;74
Горбуша;142;20600;6000;0;0.08;0.11;   .50;0.60;0;0.003;0.030;0.9;0.005;0.50;0.001;20;200;30;0.7;0.02;366;75;0.70;0.035;0.05;0.02;0;0.02;1000;200;0;0;600;70
Икра красная;252;24700;13800;1000;0.19;0.62;0.12;0.32;0;0.01;0.271;0;0.011;   .50;0.0002;275;356;300;11.   ;0.03;181;2280;0.95;0.065;0.11;0.05;0;0.05;6800;81;0;0;40;50
Кальмар;92;15800;1300;3000;0.08;0.09;   .18;0.18;0;0.001;0.015;04.   ;0;   .20;0;32;221;33;0.68;0.03;246;44;   .53;0.044;0.43;0.04;0;0.01;500;20;0;0;20;78
Карась;87;17800;1800;0;0.06;0.08;   .80;0.13;0;0.002;0.010;1.0;0.002;0.50;0.0001;30;220;25;0.9;0.005;265;70;0.70;0.012;0.07;0.05;0;0.03;200;50;0;0;30;77
Карп;127;17800;5500;0;0.14;0.07;02.   ;0.19;0;0.0015;0.020;01.   ;0.005;0.63;0.0002;52;210;29;0.6;0.002;333;49;0.90;0.015;0.07;0.03;0;0.02;400;150;0;0;70;75
Креветка;99;20900;1000;0;0.02;0.02;   .78;0.16;0;0.001;0.015;0;0;2.00;0.0003;70;230;39;0.51;0.035;259;119;   .34;0.040;0.21;0.05;0;0.01;540;28;0;0;20;77
Лещ;105;17200;4200;0;0.08;0.10;   .20;0.15;0;0.002;0.015;01.   ;0.003;0.50;0.0001;25;220;30;0.8;0.002;280;60;0.70;0.014;0.10;0.06;0;0.02;300;100;0;0;150;76
Семга;206;20000;13000;0;0.23;0.38;   .80;0.62;0;0.003;0.045;0;0.013;   .80;0.0005;15;260;29;0.8;0.05;363;59;0.64;0.036;0.25;0.02;0;0.03;2500;340;0;0;20;62
Минтай;79;15800;800;0;0.11;0.12;   .30;0.10;0;0.002;0.010;0;0.001;0.30;0.0001;40;180;25;0.4;0.015;300;90;0.50;0.025;0.05;0.01;0;0.02;200;50;0;0;30;81
Окунь речной;91;18700;1200;0;0.08;0.11;   .60;0.13;0;0.002;0.015;01.   ;0.001;0.50;0.0001;50;200;30;0.9;0.005;300;75;0.70;0.012;0.05;0.05;0;0.02;300;100;0;0;300;79
Осетр;164;16500;10000;0;0.10;0.15;   .50;0.20;0;0.003;0.030;0;0.008;   .20;0.0002;20;180;25;01.   ;0.02;350;80;0.80;0.025;0.10;0.03;0;0.03;1200;300;0;0;100;70
Палтус;186;18500;12000;0;0.06;0.08;6.00;0.35;0;0.001;0.025;0;0.005;0.80;0.0001;30;250;28;0.5;0.015;435;100;0.60;0.036;0.07;0.01;0;0.02;800;150;0;0;30;72
Скумбрия;262;18800;20000;0;0.12;0.36;   .70;0.40;0;0.008;0.045;0.4;0.016;   .60;0.0005;12;280;32;01.   ;0.045;314;90;0.94;0.044;0.09;0.02;0;0.03;2500;400;0;0;30;63
Судак;84;18400;800;0;0.08;0.11;   .50;0.15;0;0.002;0.010;1.0;0.002;0.50;0.0001;35;230;29;0.5;0.005;280;65;0.70;0.012;0.06;0.03;0;0.02;200;50;0;0;50;82
Треска;82;17800;700;0;0.09;0.07;   .30;0.25;0;0.001;0.010;1.0;0.001;0.64;0.0001;20;210;25;0.3;0.012;340;54;0.45;0.033;0.03;0.01;0;0.01;280;40;0;0;30;81
Тунец;144;23000;4800;0;0.25;0.25;   .70;0.50;0;0.002;0.065;0;0.005;1.00;0.0002;12;270;34;1.0;0.03;441;50;0.77;0.108;0.09;0.01;0;0.02;1600;220;0;0;200;70
Щука;88;18900;800;0;0.05;0.06;2.00;0.10;0;0.001;0.015;01.   ;0.001;0.50;0.0001;20;200;25;0.4;0.002;300;60;0.60;0.012;0.05;0.02;0;0.01;150;30;0;0;40;80
Форель свежая;148;20600;6800;0;0.12;0.10;   .30;0.40;0;0.004;0.030;02.   ;0.015;   .34;0.0004;43;270;28;0.7;0.02;481;52;0.66;0.025;0.25;0.08;0;0.03;1000;220;0;0;100;72
Лосось;206;20000;13000;0;0.23;0.38;   .80;0.62;0;0.003;0.045;0;0.013;   .80;0.0005;15;260;29;0.8;0.05;363;59;0.64;0.036;0.25;0.02;0;0.03;2500;340;0;0;150;62
Баранина;294;25000;21000;0;0.11;0.25;   .70;0.13;0;0.002;0.003;0;0.001;0.50;0.0003;10;190;25;02.   ;0.007;310;72;   .42;0.026;0.11;0.02;0;0.02;500;1500;0;0;70;60
Говядина;250;26000;17000;0;0.07;0.18;5.00;0.37;0;0.002;0.003;0;0.001;0.50;0.0003;12;200;22;02.   ;0.007;350;65;   .24;0.014;0.08;0.01;0;0.02;200;1200;0;0;60;65
Говяжья печень;135;20000;3500;3900;0.30;   .50;13.0;1.00;0.09;0.083;9.800;01.   ;0.001;0.53;0.003;6;476;21;06.   ;0.063;313;87;4.00;0.040;12.0;0.34;0.033;0.02;70;320;0;0;30;73
Говяжий язык;231;16000;17000;0;0.12;0.30;   .80;0.15;0;0.004;0.002;0;0.001;0.40;0.0001;8;224;19;02.   ;0.009;184;93;03.   ;0.015;0.07;0.01;0;0.01;50;200;0;0;80;68
Индейка;189;29000;7000;0;0.05;0.22;8.00;0.56;0;0.003;0.012;0;0.001;0.30;0.0002;14;210;27;01.   ;0.013;296;49;   .20;0.036;0.10;0.01;0;0.02;200;1500;0;0;50;70
Кролик;173;33000;6000;0;0.10;0.18;   .20;0.48;0;0.005;0.010;0;0.001;0.50;0.0001;20;240;25;01.   ;0.005;330;57;   .30;0.015;0.18;0.01;0;0.02;300;1000;0;0;70;71
Гусь;371;15800;33000;0;0.10;0.25;   .30;0.47;0;0.004;0.012;0;0.001;0.70;0.0002;15;270;25;02.   ;0.003;388;87;   .60;0.023;0.18;0.01;0;0.02;200;2500;0;0;50;56
Курица (грудка);165;31000;3600;0;0.07;0.13;   .60;0.50;0;0.003;0.008;0;0.001;0.30;0.0002;15;220;28;0.9;0.007;256;74;1.00;0.028;0.04;0.01;0;0.02;70;600;0;0;30;73
Куриная печень;136;19600;5800;1400;0.50;   .67;13.   ;0.85;0.15;0.0166;4.000;27.0;0.001;0.70;0.013;8;297;24;12.0;0.013;315;81;4.00;0.055;0.49;0.35;0.009;0.03;100;2000;0;0;20;72
Куриные сердечки;153;15600;9600;0.6;0.26;01.   ;   .30;0.56;0;0.002;0.030;03.   ;0;0.20;0.0001;10;178;20;05.   ;0.004;179;67;   .53;0.040;0.22;0.04;0;0.01;50;900;0;0;20;75
Свинина (вырезка);242;27000;14000;0;0.87;0.22;04.   ;0.46;0;0.001;0.002;0.6;0.001;0.40;0.0001;8;230;23;01.   ;0.003;423;62;2.00;0.045;0.07;0.01;0;0.02;100;1200;0;0;50;60
Сердце свиное;118;17500;4800;0;0.50;   .20;   .70;0.35;0;0.003;0.001;1.0;0;0.20;0.0001;5;178;20;04.   ;0.003;260;93;   .30;0.040;0.40;0.03;0;0.01;60;800;0;0;20;76
Утка;337;18700;28700;0;0.25;0.47;   .80;0.30;0;0.004;0.024;0;0.001;0.70;0.0003;15;230;20;02.   ;0.005;271;74;   .90;0.025;0.25;0.02;0;0.02;500;3000;0;0;50;50
Язык свиной;225;16000;17000;0;0.15;0.36;4.00;0.15;0;0.003;0.001;0;0.001;0.40;0.0001;10;200;20;02.   ;0.002;185;93;   .50;0.020;0.08;0.01;0;0.01;50;1500;0;0;40;68
Брынза;260;18000;21000;0;0.06;0.50;0.20;0.08;0;0.001;0.180;0;0.0003;0.30;0.002;630;380;28;0.5;0.003;95;1200;4.00;0.015;0.03;0.03;0;0.02;50;500;0;0;62;55
Йогурт греческий;59;10000;3500;3700;0.03;0.14;0.20;0.06;0;0.0004;0.010;0.5;0;0.08;0.0001;110;150;11;0.1;0.004;141;36;0.52;0.009;0.02;0.01;0;0.01;20;80;0;0;45;85
Кефир 3.2%;64;3200;3200;4200;0.04;0.18;0.10;0.05;0;0.0003;0.028;0;0.0001;0.07;0.001;120;95;12;0.1;0.003;150;50;0.40;0.005;0.01;0.01;0;0.01;10;50;0;0;6;90
Молоко 3.2%;60;3200;3200;4700;0.04;0.18;0.10;0.05;0;0.0004;0.028;0;0.0001;0.07;0.001;120;95;12;0.1;0.003;150;50;0.40;0.005;0.01;0.01;0;0.01;10;50;0;0;6;88
Сыр российский (50%);363;23000;29000;0;0.03;0.45;0.60;0.10;0;0.001;0.260;0;0.0006;0.60;0.002;880;540;35;0.6;0.005;88;1300;18323;0.020;0.03;0.02;0;0.03;80;600;0;0;86;41
Творог 5%;121;16000;5000;3200;0.04;0.27;0.40;0.08;0;0.0005;0.010;0;0;0.09;0.0003;120;180;23;0.3;0.003;112;44;0.50;0.010;0.02;0.01;0;0.01;20;100;0;0;32;77
Булгур;342;12200;1500;75700;0.23;0.12;45935;0.34;0;0;0;0;0;0.06;0.001;35;300;164;45779;0.004;410;17;33970;0.002;0.33;45780;0;0.01;30;2000;0;12500;18;10
Гречневая крупа;343;13000;3400;71800;0.58;0.43;44013;0.40;0;0;0;0;0;0.32;0.007;31;347;258;45690;0.003;460;11;14642;0.008;45931;10959;0;0.02;70;2300;0;10000;25;12
Овсянка;389;16900;6900;66200;0.76;0.14;43831;0.12;0;0;0;0;0;0.70;0.003;54;523;177;45842;0.004;429;2;35490;0.034;0.62;33695;0;0.03;110;2400;0;10800;12;8
Миндаль;579;21200;49900;21600;0.21;41640;22706;0.14;0;0;0;0;0;45714;0.007;269;481;270;45841;0.002;733;1;45994;0.004;45717;43132;0;0.02;6;12000;0;11200;120;5
Масло оливковое;884;0;100000;0;0;0;0;0;0;0;0;0;0;45730;0.060;1;2;1;0.6;0;1;2;0;0;0;0;0;0;760;9900;0;0;150;0
Шоколад горький 77%;598;7800;42300;45900;0.03;0.07;45778;0.03;0;0;0;0;0;0.59;0.008;73;308;228;45911;0.003;715;20;11383;0.006;28126;34700;0;0.02;30;450;0;11000;85;1
Молоко сгущеное с сахаром;321;7800;8700;54400;0.09;0.42;0.21;0.04;0;0.0004;0.055;45689;0.0001;0.20;0.0002;284;253;26;0.19;0.002;371;127;0.76;0.004;0.02;0.01;0;0.02;10;50;0;0;32;27
Ряженка 2.5%;67;3300;2500;4400;0.04;0.18;0.10;0.05;0;0.0004;0.022;0;0.0001;0.07;0.001;124;96;12;0.1;0.003;151;51;0.40;0.005;0.01;0.01;0;0.01;10;50;0;0;7;87
Сливки 10%;118;2800;10000;4100;0.03;0.14;0.10;0.03;0;0.0002;0.035;0.6;0.0001;0.25;0.0003;90;83;10;0.1;0.002;132;40;0.30;0.003;0.01;0.01;0;0.01;20;100;0;0;12;82
Сливки 20%;206;2500;20000;3800;0.03;0.12;0.08;0.02;0;0.0001;0.160;0.3;0.0001;0.60;0.0005;86;60;8;0.1;0.001;109;35;0.25;0.002;0.01;0.01;0;0.01;30;150;0;0;20;65
Сметана 20%;206;2600;20000;3200;0.03;0.11;0.10;0.03;0;0.0002;0.160;0.4;0.0001;0.60;0.0006;90;62;9;0.1;0.002;116;40;0.30;0.003;0.01;0.01;0;0.01;30;120;0;0;22;65
Сыр плавленый;305;16000;25000;0;0.03;0.38;0.40;0.08;0;0.001;0.220;0;0.0005;0.50;0.002;600;400;25;0.5;0.004;95;1200;3.00;0.015;0.03;0.02;0;0.02;50;400;0;0;60;45
Сыр фета;265;14000;21000;4000;0.07;0.84;0.99;0.42;0;0.001;0.125;0;0.0001;0.50;0.001;493;337;19;0.65;0.003;62;1140;32174;0.015;0.03;0.03;0;0.02;40;300;0;0;130;55
Кукурузная крупа;328;8400;4300;75100;0.20;0.07;25569;0.14;0;0;0.003;0;0;0.42;0.0002;7;99;30;45778;0.001;142;35;0.74;0.003;0.05;0.04;0;0.01;20;1800;0;7400;15;12
Кус-кус;376;12700;2000;77000;0.16;0.08;18323;0.11;0;0;0;0;0;0.13;0.0001;24;170;44;45658;0.001;166;8;0.83;0.002;0.25;0.78;0;0.01;10;500;0;5000;25;8
Манная крупа;360;12500;1000;73400;0.14;0.07;43831;0.10;0;0;0;0;0;0.15;0.0001;20;136;18;1.0;0.001;186;1;0.70;0.003;0.10;0.62;0;0.01;5;300;0;3900;10;12
Мука пшеничная;364;10000;1200;76000;0.12;0.04;1.00;0.04;0;0;0;0;0;0.06;0.0001;15;108;22;45689;0.001;107;2;0.70;0.003;0.14;0.68;0;0.01;10;400;0;2400;8;12
Перловая крупа;352;9600;1100;73400;0.12;0.06;2.00;0.13;0;0;0;0;0;0.02;0.0001;29;221;79;45779;0.001;280;9;11689;0.004;0.42;11689;0;0.01;20;800;0;7800;12;10
Рис;365;7000;800;80000;0.07;0.03;21916;0.15;0;0;0;0;0;0.11;0.0001;10;115;25;0.8;0.001;115;5;45901;0.002;0.22;45901;0;0.01;5;200;0;3500;18;12
Хлеб пшеничный;265;8100;3200;49000;0.16;0.09;29221;0.03;0;0;0;0;0;0.22;0.0002;26;97;23;2.0;0.001;126;491;0.74;0.003;0.16;0.50;0;0.01;30;800;0;2700;13;35
Арахис;567;25800;49200;16100;0.64;0.14;45850;0.35;0;0;0;0;0;12267;0.0002;92;376;168;21276;0.002;705;18;46447;0.007;41640;33970;0;0.02;0.3;12000;0;8500;50;6
Грецкий орех;654;15200;65200;13800;0.34;0.15;41275;0.54;0;0;0.001;45717;0;21947;0.002;98;346;158;33270;0.003;441;2;45903;0.004;21551;15036;0;0.02;9000;38000;0;6500;90;4
Кедровый орех;673;13600;68200;13300;0.36;0.23;14336;0.09;0;0;0.001;0.8;0;12298;0.054;16;575;251;19480;0.001;597;2;16589;0.001;11689;29434;0;0.03;11200;34000;0;3800;350;2
Кешью;553;18300;43800;26600;0.42;0.06;45809;0.42;0;0;0.002;0.5;0;0.90;0.034;37;593;292;24990;0.002;660;12;28611;0.020;43862;24108;0;0.03;60;7780;0;3300;110;5
Семя подсолнечника;584;20700;51400;20000;17533;0.36;12632;12785;0;0;0.003;45748;0;35.17;0.002;78;660;325;45778;0.003;645;9;5.00;0.053;29221;34700;0;0.03;74;23000;0;8700;25;5
Масло сливочное;717;600;81000;700;0.01;0.03;0.10;0.01;0;0.0001;0.653;0;0.001;2.00;0.007;24;24;2;0.02;0.001;24;11;0.09;0.001;0.01;0.01;0;0.01;315;2240;0;0;85;16
Шоколад молочный;535;7500;30000;57000;0.05;0.25;0.73;0.03;0;0.0003;0.050;0;0.0002;0.51;0.008;189;208;63;12816;0.002;372;79;45901;0.004;0.49;0.47;0;0.02;50;1100;0;3500;65;1
Сыр творожный;317;15000;25000;2200;0.03;0.30;0.50;0.10;0;0.001;0.200;0;0.0001;0.50;0.001;400;300;20;0.4;0.003;95;800;3.00;0.012;0.03;0.02;0;0.02;30;200;0;0;70;45
Ячневая крупа;354;10400;2100;73500;0.27;0.08;25600;0.32;0;0;0;0;0;0.57;0.002;37;343;133;45779;0.001;452;12;35065;0.008;0.42;11689;0;0.01;20;1000;0;8500;10;10
Хлеб ржаной;259;8500;3000;48000;0.18;0.15;45658;0.17;0;0;0;0;0;0.33;0.001;73;125;40;45840;0.002;245;603;12785;0.005;0.22;0.82;0;0.02;50;600;0;5900;7;37
Фисташки;560;20200;45600;27200;0.87;0.16;10959;25569;0;0;0.021;45813;0;10990;0.003;105;490;121;33664;0.002;1025;1;43862;0.007;10959;43831;0;0.03;250;13200;0;10300;180;4
Фундук;628;15000;61400;17000;0.64;0.11;29221;0.56;0;0;0.001;45722;0;45731;0.014;114;290;163;25659;0.002;680;0;16469;0.004;26665;43252;0;0.02;87;7800;0;9600;100;5
Горчица;67;4400;4000;5500;0.08;0.07;0.52;0.04;0;0;0.002;45778;0;0.36;0.002;63;108;49;45778;0.005;138;1100;0.64;0.002;0.09;0.42;0;0.01;180;2400;0;3500;12;85
Майонез;680;1100;75000;1500;0.01;0.02;0.03;0.01;0;0;0.006;0;0;45933;0.0001;12;21;1;0.1;0.001;20;635;0.10;0.001;0.01;0.01;0;0.01;5000;39000;0;0;15;15
Кетчуп;101;1700;200;23400;0.06;0.06;15707;0.16;0;0;0.026;45661;0;0.38;0.003;15;26;15;0.35;0.001;281;1110;0.21;0.0005;0.07;0.12;0;0.01;20;500;0;1500;10;65
Масло растительное;884;0;100000;0;0;0;0;0;0;0;0;0;0;7.00;0.060;0;0;0;0;0;0;0;0;0;0;0;0;0;9100;53000;0;0;12;0
Масло оливковое;884;0;100000;0;0;0;0;0;0;0;0;0;0;14.35;0.060;1;2;1;0.4;0;1;2;0;0;0;0;0;0;761;9763;0;0;12;0
